epoch,accuracy,loss,val_accuracy,val_loss
0,0.9994683265686035,0.0041379560716450214,0.7941734194755554,4.787899494171143
