epoch,accuracy,loss,val_accuracy,val_loss
0,0.9925094246864319,0.047977153211832047,0.7904605865478516,0.6795088648796082
1,0.9818481206893921,0.06836731731891632,0.7904605865478516,2.078157663345337
2,0.9894831776618958,0.0433012917637825,0.8951079249382019,0.40781188011169434
3,0.9936177730560303,0.031994108110666275,0.7904605865478516,1.3384017944335938
4,0.9956981539726257,0.023278461769223213,0.7904605865478516,0.9319566488265991
5,0.9959341287612915,0.021223479881882668,0.7904605865478516,0.8192534446716309
6,0.9858508110046387,0.04484640806913376,0.7904605865478516,0.9210813045501709
7,0.9859305620193481,0.043910469859838486,0.7904605865478516,1.243370532989502
