global_acc,global_loss
0.9996894598007202,0.12620243430137634
0.999947726726532,0.0006450979271903634
0.999947726726532,0.000635451462585479
0.9999803900718689,0.0002715414739213884
