epoch,accuracy,loss,val_accuracy,val_loss
0,0.9999510049819946,0.00034891976974904537,0.9999516010284424,0.0006884994800202549
1,0.9999479651451111,0.0004081895749550313,0.9999516010284424,0.0006802701973356307
2,0.9999479651451111,0.0004113720788154751,0.9999516010284424,0.0005738586187362671
