epoch,accuracy,loss,val_accuracy,val_loss
0,0.9999063014984131,0.0005798471393063664,0.9999516010284424,0.0005803751992061734
1,0.9999363422393799,0.00047120096860453486,0.9999322891235352,0.0006665288819931448
2,0.9999332427978516,0.0004226050805300474,0.9999516010284424,0.000705897225998342
