epoch,accuracy,loss,val_accuracy,val_loss
0,0.9999356865882874,0.0004390314279589802,0.9999516010284424,0.000700949807651341
1,0.9999455213546753,0.00041644880548119545,0.9999613165855408,0.0005607178900390863
2,0.9999479651451111,0.0004084527026861906,0.9999516010284424,0.0007790277595631778
