epoch,accuracy,loss,val_accuracy,val_loss
0,0.9996742606163025,0.0020609344355762005,0.9999322891235352,0.000757162575609982
1,0.999916136264801,0.0005758831975981593,0.9999419450759888,0.0007187603623606265
2,0.9999369382858276,0.00048465910367667675,0.9999516010284424,0.0005805320688523352
