global_acc,global_loss
0.8304145336151123,0.7121373414993286
0.9578654766082764,0.1021365374326706
0.960013747215271,0.09747035801410675
0.9593315720558167,0.09833225607872009
0.9613972306251526,0.09469310939311981
