epoch,accuracy,loss,val_accuracy,val_loss
0,0.9596626162528992,0.09925685077905655,0.9623122215270996,0.09315767139196396
1,0.959915041923523,0.09893646836280823,0.9624386429786682,0.09266399592161179
2,0.9597048759460449,0.09885465353727341,0.9615241885185242,0.09405652433633804
3,0.9601374268531799,0.09831283986568451,0.9620288610458374,0.09349005669355392
4,0.9600599408149719,0.09831898659467697,0.9626352190971375,0.0924103707075119
