global_acc,global_loss
0.7834205627441406,1.0607736110687256
0.9602254033088684,0.09710723906755447
0.9617483019828796,0.09312708675861359
0.9615176916122437,0.0937005877494812
0.9629865884780884,0.09033162146806717
0.9629334211349487,0.09017724543809891
0.9616329669952393,0.0930090919137001
