epoch,accuracy,loss,val_accuracy,val_loss
0,0.9484791159629822,0.1291777491569519,0.9516810178756714,0.11989206075668335
1,0.9550830721855164,0.11114224791526794,0.9588447213172913,0.10212157666683197
2,0.9563643932342529,0.10762472450733185,0.9584906697273254,0.1011369451880455
3,0.957311749458313,0.10536439716815948,0.9594578146934509,0.09900118410587311
4,0.9578273892402649,0.10396279394626617,0.9604529142379761,0.09762365370988846
5,0.9584037065505981,0.10279431939125061,0.9602863788604736,0.09754250198602676
6,0.9587693214416504,0.10188291221857071,0.9602858424186707,0.09691547602415085
7,0.9590376615524292,0.10098487138748169,0.9610416293144226,0.09605414420366287
