epoch,accuracy,loss,val_accuracy,val_loss
0,0.9606176018714905,0.09719173610210419,0.9623724818229675,0.09219013899564743
1,0.9606702327728271,0.09701403230428696,0.9619711637496948,0.09386249631643295
2,0.9608522057533264,0.09667037427425385,0.9621725678443909,0.09321019798517227
3,0.9609195590019226,0.09643048048019409,0.9628264904022217,0.09193068742752075
4,0.9609478116035461,0.09625449031591415,0.9608578085899353,0.09562485665082932
5,0.9611083269119263,0.09602603316307068,0.9632032513618469,0.09126735478639603
6,0.9611163139343262,0.09601082652807236,0.9632702469825745,0.09128344058990479
7,0.9611964821815491,0.09555607289075851,0.9626096487045288,0.09178809821605682
