epoch,accuracy,loss,val_accuracy,val_loss
0,0.934397280216217,0.17772069573402405,0.9516438245773315,0.12054994702339172
1,0.9502451419830322,0.12583889067173004,0.9550206661224365,0.11123718321323395
2,0.9525486826896667,0.11836548149585724,0.9562439918518066,0.10802712291479111
3,0.9538291096687317,0.11418286710977554,0.9554600119590759,0.10823018103837967
4,0.9551650285720825,0.11108759790658951,0.9575350284576416,0.10434574633836746
5,0.9557490944862366,0.10930971801280975,0.9581230878829956,0.10248061269521713
6,0.9564942717552185,0.10757284611463547,0.9593936800956726,0.10009227693080902
7,0.9568710923194885,0.1063779816031456,0.9591830968856812,0.10037447512149811
