local_acc,local_loss
0.9585728645324707,0.10032740235328674
0.9610301852226257,0.09511078894138336
0.9620173573493958,0.09248699992895126
0.9622970223426819,0.09155381470918655
0.9629155993461609,0.09016439318656921
0.9631363749504089,0.09003298729658127
0.9625510573387146,0.09124568104743958
