global_acc,global_loss
0.7169483304023743,1.0954538583755493
0.9971069097518921,0.3281673789024353
0.9989633560180664,0.18990541994571686
0.9995923042297363,0.13000249862670898
