epoch,accuracy,loss,val_accuracy,val_loss
0,0.9865030646324158,0.32851964235305786,0.9974956512451172,0.2774689197540283
1,0.9894080758094788,0.29647576808929443,0.9983476400375366,0.24937069416046143
2,0.9918774962425232,0.2708524465560913,0.9986058473587036,0.22782424092292786
3,0.9941647052764893,0.2503640353679657,0.9988511204719543,0.20861536264419556
4,0.995714008808136,0.23262274265289307,0.9990060329437256,0.19356372952461243
