epoch,accuracy,loss,val_accuracy,val_loss
0,0.6915522813796997,3.6409268379211426,0.956058144569397,3.29154634475708
1,0.8915734887123108,3.104604959487915,0.9604213237762451,2.845186948776245
2,0.9515942931175232,2.6759531497955322,0.9811530113220215,2.4501490592956543
3,0.970115065574646,2.297346830368042,0.9832055568695068,2.1015710830688477
4,0.9773460626602173,1.9627331495285034,0.9871556758880615,1.7850675582885742
