epoch,accuracy,loss,val_accuracy,val_loss
0,0.9967362880706787,0.21448586881160736,0.9992771148681641,0.17438457906246185
1,0.9973801970481873,0.20201101899147034,0.9993416666984558,0.16347287595272064
2,0.9977781772613525,0.19052009284496307,0.9994707107543945,0.15323033928871155
3,0.9979669451713562,0.1797482818365097,0.9995740056037903,0.14284004271030426
4,0.9980502724647522,0.16994839906692505,0.999599814414978,0.13480670750141144
