epoch,accuracy,loss,val_accuracy,val_loss
0,0.945609450340271,0.7989688515663147,0.9742596745491028,0.6897403597831726
1,0.9622368812561035,0.6497003436088562,0.9840962290763855,0.5661090612411499
2,0.9703888297080994,0.543332040309906,0.9866134524345398,0.47099822759628296
3,0.9767528176307678,0.4607882797718048,0.9950171709060669,0.39689522981643677
4,0.9817913770675659,0.3952951729297638,0.9968243837356567,0.33681899309158325
