local_acc,local_loss
0.9868791103363037,1.7840896844863892
0.9969767928123474,0.3363633155822754
0.9988852739334106,0.19315750896930695
0.999509871006012,0.13446791470050812
