global_acc,global_loss
0.994633674621582,1.0544513463974
0.9973666667938232,0.3394651710987091
0.9986270070075989,0.20958146452903748
0.9993676543235779,0.1468881368637085
