epoch,accuracy,loss,val_accuracy,val_loss
0,0.9937276840209961,0.34735167026519775,0.9974104762077332,0.2982335388660431
1,0.9948539137840271,0.3153168857097626,0.9975020289421082,0.2698354423046112
2,0.9955873489379883,0.29040154814720154,0.9980774521827698,0.2465721070766449
3,0.9961312413215637,0.2700371742248535,0.9982736706733704,0.22929836809635162
4,0.9965869784355164,0.25244975090026855,0.9985090494155884,0.21251733601093292
