epoch,accuracy,loss,val_accuracy,val_loss
0,0.996865451335907,0.23228858411312103,0.9987183213233948,0.19307175278663635
1,0.9970598816871643,0.219420924782753,0.9988360404968262,0.18110616505146027
2,0.9971554279327393,0.20714032649993896,0.9990191459655762,0.1688043177127838
3,0.9972297549247742,0.19571812450885773,0.9992021918296814,0.15886783599853516
4,0.9973244667053223,0.18495973944664001,0.999306857585907,0.14880485832691193
