epoch,accuracy,loss,val_accuracy,val_loss
0,0.965180516242981,0.8408892750740051,0.9853129386901855,0.7383555769920349
1,0.9803484082221985,0.6837545037269592,0.9870262145996094,0.5925295948982239
2,0.9858195185661316,0.5648802518844604,0.9949517250061035,0.49129730463027954
3,0.9894015789031982,0.47855842113494873,0.9967173337936401,0.41442403197288513
4,0.9913935661315918,0.413151353597641,0.9972927570343018,0.35691767930984497
