epoch,accuracy,loss,val_accuracy,val_loss
0,0.6273332238197327,3.7006118297576904,0.9088566899299622,3.3433377742767334
1,0.7661881446838379,3.184941053390503,0.9572075009346008,2.9139928817749023
2,0.8298651576042175,2.766594171524048,0.9797285199165344,2.521958351135254
3,0.8757820725440979,2.389655590057373,0.9889879822731018,2.1648752689361572
4,0.9178335666656494,2.0500071048736572,0.9892756938934326,1.8532620668411255
