local_acc,local_loss
0.9899083375930786,1.8539804220199585
0.997275710105896,0.3566138744354248
0.9985014200210571,0.2124834805727005
0.999272346496582,0.14882159233093262
