local_acc,local_loss
0.9581159949302673,0.10283064842224121
0.9600111246109009,0.09780403971672058
0.9616696238517761,0.09414944052696228
0.9622436761856079,0.09255351126194
0.962986409664154,0.09117711335420609
0.9622972011566162,0.09220471233129501
0.9634239673614502,0.08998209238052368
