epoch,accuracy,loss,val_accuracy,val_loss
0,0.947634220123291,0.13187192380428314,0.9544820785522461,0.11072803288698196
1,0.9535437226295471,0.11507286876440048,0.9578258395195007,0.1038934513926506
2,0.9550366401672363,0.11100979149341583,0.9579688310623169,0.10315968841314316
3,0.9560188055038452,0.10865490138530731,0.9590622782707214,0.10085498541593552
4,0.9565154910087585,0.10721328854560852,0.959191083908081,0.09967556595802307
