epoch,accuracy,loss,val_accuracy,val_loss
0,0.9588859677314758,0.10135545581579208,0.9616029262542725,0.0943126454949379
1,0.9590010643005371,0.10085945576429367,0.9615071415901184,0.09477052837610245
2,0.9593343138694763,0.10034743696451187,0.9613576531410217,0.09450685977935791
3,0.9593378305435181,0.10010700672864914,0.9616156816482544,0.09413527697324753
4,0.9595396518707275,0.09963660687208176,0.9604292511940002,0.0965869203209877
