epoch,accuracy,loss,val_accuracy,val_loss
0,0.957085371017456,0.10561643540859222,0.960724413394928,0.09742774069309235
1,0.957607626914978,0.10452497750520706,0.9596807956695557,0.09837806224822998
2,0.9578647017478943,0.1037246435880661,0.9607547521591187,0.09654276818037033
3,0.9582312703132629,0.10301713645458221,0.9607522487640381,0.09622286260128021
4,0.9585348963737488,0.10225117951631546,0.9610509872436523,0.09557756036520004
