epoch,accuracy,loss,val_accuracy,val_loss
0,0.9331344962120056,0.17883455753326416,0.9510299563407898,0.12224708497524261
1,0.9490598440170288,0.1286504864692688,0.9532300233840942,0.11501932889223099
2,0.9515638947486877,0.12103734165430069,0.9554657936096191,0.11029647290706635
3,0.9530620574951172,0.11656882613897324,0.9556334614753723,0.10829398036003113
4,0.9542275071144104,0.11367098987102509,0.9580339789390564,0.10395830124616623
