local_acc,local_loss
0.9564863443374634,0.10584966093301773
0.9581314921379089,0.10159800946712494
0.9597547650337219,0.09765506535768509
0.9595810174942017,0.09834401309490204
0.9616037607192993,0.09404650330543518
