epoch,accuracy,loss,val_accuracy,val_loss
0,0.9587529897689819,0.10197927802801132,0.9599899649620056,0.09757939726114273
1,0.9589943289756775,0.10161042958498001,0.9602259993553162,0.09691496193408966
2,0.9591376781463623,0.10115844756364822,0.9599039554595947,0.09692644327878952
3,0.9592911005020142,0.10072661191225052,0.9602532386779785,0.09657516330480576
4,0.9594786167144775,0.10041221231222153,0.9607468843460083,0.09635040909051895
