local_acc,local_loss
0.9553335309028625,0.1088593527674675
0.9589102268218994,0.10026662051677704
0.9600025415420532,0.09709226340055466
0.9611080884933472,0.09511924535036087
0.9614875912666321,0.09399693459272385
