global_acc,global_loss
0.9960045218467712,1.0408084392547607
0.9971246719360352,0.31474119424819946
0.998629093170166,0.18214134871959686
0.9994301199913025,0.1222483441233635
