epoch,accuracy,loss,val_accuracy,val_loss
0,0.994700014591217,0.32697707414627075,0.9975595474243164,0.272938996553421
1,0.9955938458442688,0.28841152787208557,0.9981406331062317,0.2401416301727295
2,0.9962175488471985,0.25990352034568787,0.9983827471733093,0.2137855887413025
3,0.9966298341751099,0.2371665984392166,0.9986926317214966,0.1936958283185959
4,0.9967848658561707,0.21822109818458557,0.9988862872123718,0.17640413343906403
