epoch,accuracy,loss,val_accuracy,val_loss
0,0.7050900459289551,3.5473709106445312,0.9584156274795532,3.1682887077331543
1,0.8450092077255249,2.938296318054199,0.9844663739204407,2.638575315475464
2,0.9294277429580688,2.43088960647583,0.988562822341919,2.172656297683716
3,0.968061089515686,1.9907623529434204,0.9899961352348328,1.7662192583084106
4,0.978466808795929,1.6160377264022827,0.9909742474555969,1.4186598062515259
