epoch,accuracy,loss,val_accuracy,val_loss
0,0.9967983365058899,0.21169568598270416,0.9989928603172302,0.1700759381055832
1,0.9969104528427124,0.19540421664714813,0.9991865158081055,0.15464957058429718
2,0.997040331363678,0.18067555129528046,0.9993802309036255,0.1411510854959488
3,0.9970452189445496,0.16728700697422028,0.9995157718658447,0.12879425287246704
4,0.9971052408218384,0.155178040266037,0.9996126294136047,0.11789896339178085
