epoch,accuracy,loss,val_accuracy,val_loss
0,0.9692826867103577,0.8025153875350952,0.9859964847564697,0.6737121939659119
1,0.9842379093170166,0.6126183867454529,0.9942959547042847,0.5130575895309448
2,0.9891819357872009,0.4856696128845215,0.9969785213470459,0.4060921370983124
3,0.9921232461929321,0.39839231967926025,0.9973658919334412,0.3326815366744995
4,0.9941406846046448,0.33928951621055603,0.9975014328956604,0.2836664915084839
