local_acc,local_loss
0.9909572005271912,1.418704628944397
0.9971930384635925,0.28355979919433594
0.9987202882766724,0.176248237490654
0.9995148181915283,0.11781714111566544
