global_acc,global_loss
0.7983756065368652,0.8395591378211975
0.9592575430870056,0.09861745685338974
0.9611685276031494,0.09449601918458939
0.9611530900001526,0.09428241103887558
0.962139368057251,0.09244169294834137
0.9625482559204102,0.09158842265605927
0.9630369544029236,0.09090673923492432
