epoch,accuracy,loss,val_accuracy,val_loss
0,0.959843635559082,0.09909812361001968,0.9614683985710144,0.09408033639192581
1,0.9599136114120483,0.09882105141878128,0.9617370963096619,0.09406469017267227
2,0.9600545763969421,0.09862123429775238,0.9621455073356628,0.09383870661258698
3,0.9602124094963074,0.09825814515352249,0.9617685675621033,0.09438604861497879
4,0.9602082371711731,0.098094642162323,0.9620015621185303,0.09469576179981232
5,0.9603633880615234,0.09792041778564453,0.9621603488922119,0.09362392872571945
6,0.9604133367538452,0.09770993888378143,0.9623894095420837,0.09315915405750275
7,0.9605802893638611,0.09755221754312515,0.9622450470924377,0.09306392818689346
