epoch,accuracy,loss,val_accuracy,val_loss
0,0.9473893642425537,0.13253702223300934,0.955028235912323,0.10935144871473312
1,0.9542242288589478,0.1135936826467514,0.9565555453300476,0.1057971939444542
2,0.9554404616355896,0.1100408285856247,0.9576184749603271,0.1041603684425354
3,0.9565567970275879,0.10772566497325897,0.9586011171340942,0.10118590295314789
4,0.9568814039230347,0.10638852417469025,0.9589128494262695,0.10180014371871948
5,0.9574818015098572,0.10507284849882126,0.9596433043479919,0.0989655926823616
6,0.9577938318252563,0.10421308875083923,0.9594650268554688,0.10024689137935638
7,0.9581281542778015,0.10355900228023529,0.9598468542098999,0.09875858575105667
