epoch,accuracy,loss,val_accuracy,val_loss
0,0.9606653451919556,0.09722934663295746,0.9625244736671448,0.09233104437589645
1,0.9607451558113098,0.09718524664640427,0.9614481925964355,0.09479153901338577
2,0.9606918692588806,0.09700938314199448,0.9624581933021545,0.09262444823980331
3,0.9607865214347839,0.0969298854470253,0.9621299505233765,0.09305661171674728
4,0.9607604742050171,0.09667513519525528,0.9619079828262329,0.09364976733922958
5,0.9608995914459229,0.09660686552524567,0.9624752402305603,0.09198320657014847
6,0.9610289931297302,0.09630297869443893,0.9625217318534851,0.09251109510660172
7,0.9609996676445007,0.09621714800596237,0.9628238677978516,0.09171810746192932
