epoch,accuracy,loss,val_accuracy,val_loss
0,0.9613962769508362,0.09539538621902466,0.9634506702423096,0.09091423451900482
1,0.9613117575645447,0.09541581571102142,0.9629833698272705,0.0908607542514801
2,0.9613764882087708,0.09522701799869537,0.9626548886299133,0.09167014807462692
3,0.9614678025245667,0.09506160020828247,0.9623963832855225,0.09155052900314331
4,0.9615193605422974,0.09489866346120834,0.963223397731781,0.09118394553661346
5,0.9615089297294617,0.09500157088041306,0.9628964066505432,0.09066864103078842
6,0.9615480899810791,0.09492204338312149,0.9631673693656921,0.0910521149635315
7,0.9616174101829529,0.09465471655130386,0.9626761078834534,0.09066684544086456
