epoch,accuracy,loss,val_accuracy,val_loss
0,0.9610613584518433,0.09630496054887772,0.9628790616989136,0.09193170815706253
1,0.9609700441360474,0.09608465433120728,0.9618893265724182,0.09315015375614166
2,0.9610081315040588,0.09602866321802139,0.9627123475074768,0.09195765107870102
3,0.9612288475036621,0.09577498584985733,0.9626872539520264,0.09197261184453964
4,0.961390495300293,0.0956360325217247,0.9627804160118103,0.09127920866012573
5,0.9613556265830994,0.0956183597445488,0.9626299142837524,0.09181233495473862
6,0.9614087343215942,0.09544028341770172,0.9625367522239685,0.09173032641410828
7,0.9612643122673035,0.09546840190887451,0.9619967341423035,0.09274908900260925
