epoch,accuracy,loss,val_accuracy,val_loss
0,0.9331188797950745,0.17937453091144562,0.9487193822860718,0.12449715286493301
1,0.9491177201271057,0.12884531915187836,0.9531960487365723,0.1143714115023613
2,0.9513533115386963,0.12202856689691544,0.9529789686203003,0.11320576816797256
3,0.952711820602417,0.11781518161296844,0.9553588032722473,0.10847574472427368
4,0.953787624835968,0.11493117362260818,0.9546921849250793,0.10980622470378876
5,0.9544715881347656,0.11280123889446259,0.9569180011749268,0.10559894144535065
6,0.9551733732223511,0.11102146655321121,0.9569509625434875,0.10440395027399063
7,0.9555660486221313,0.10976042598485947,0.9580467343330383,0.10284077376127243
