epoch,accuracy,loss,val_accuracy,val_loss
0,0.9583880305290222,0.10258668661117554,0.9606348276138306,0.09713118523359299
1,0.9586547017097473,0.10195303708314896,0.9600411057472229,0.09801188856363297
2,0.958936870098114,0.10143749415874481,0.960185170173645,0.09819802641868591
3,0.9590835571289062,0.10086248070001602,0.9607625603675842,0.09678823500871658
4,0.9592828154563904,0.10047900676727295,0.9610552787780762,0.0953332856297493
5,0.9594293832778931,0.10009599477052689,0.9614036679267883,0.09519626200199127
6,0.9595749974250793,0.09973914921283722,0.9609071016311646,0.09585871547460556
7,0.9597502946853638,0.0994863510131836,0.9617520570755005,0.09442368894815445
