epoch,accuracy,loss,val_accuracy,val_loss
0,0.994519054889679,0.03216934576630592,0.7904605865478516,13.156956672668457
1,0.9924252033233643,0.03708183765411377,0.8952417969703674,0.202857106924057
2,0.9950287342071533,0.02755514718592167,0.7904605865478516,795.0775146484375
3,0.996153712272644,0.02173863910138607,0.10563767701387405,5.910165309906006
