epoch,accuracy,loss,val_accuracy,val_loss
0,0.820770800113678,0.5188461542129517,0.7848821878433228,0.5375396609306335
