global_acc,global_loss
0.9607176184654236,1.0131503343582153
0.9971622824668884,0.2897314429283142
0.9992092251777649,0.1582045555114746
0.9997201561927795,0.10472965240478516
