epoch,accuracy,loss,val_accuracy,val_loss
0,0.9977259039878845,0.18606309592723846,0.9995157718658447,0.14484712481498718
1,0.9978466033935547,0.17100286483764648,0.9996610283851624,0.13092172145843506
2,0.99782395362854,0.15788273513317108,0.999690055847168,0.11926942318677902
3,0.9978288412094116,0.14573928713798523,0.999728798866272,0.10804523527622223
4,0.9977534413337708,0.13479650020599365,0.9997578859329224,0.09854567795991898
