epoch,accuracy,loss,val_accuracy,val_loss
0,0.9936918020248413,0.2990836203098297,0.9984503984451294,0.24276360869407654
1,0.9957925081253052,0.2602972090244293,0.998808741569519,0.20963618159294128
2,0.996906578540802,0.23196572065353394,0.9990218281745911,0.1858721524477005
3,0.9974605441093445,0.20992456376552582,0.9991768002510071,0.16607670485973358
4,0.9976786971092224,0.19189243018627167,0.9994673132896423,0.15032759308815002
