epoch,accuracy,loss,val_accuracy,val_loss
0,0.9620608687400818,0.7539578676223755,0.9846201539039612,0.6254319548606873
1,0.9753647446632385,0.5772410035133362,0.9897822737693787,0.48159846663475037
2,0.9836179614067078,0.45736679434776306,0.9970073103904724,0.37754353880882263
3,0.9894610643386841,0.3726375997066498,0.9975497126579285,0.30414900183677673
4,0.9915941953659058,0.3117833435535431,0.9983438849449158,0.25376373529434204
