epoch,accuracy,loss,val_accuracy,val_loss
0,0.6956178545951843,3.5400307178497314,0.9568531513214111,3.112388849258423
1,0.862387478351593,2.8865270614624023,0.9752837419509888,2.5769946575164795
2,0.9143334031105042,2.3759028911590576,0.9849010109901428,2.1085715293884277
3,0.9458963871002197,1.9389822483062744,0.9858404397964478,1.7068171501159668
4,0.971216082572937,1.5652114152908325,0.990886390209198,1.364938735961914
