local_acc,local_loss
0.9902274012565613,1.3653099536895752
0.9979758262634277,0.2541024088859558
0.9993686676025391,0.15054458379745483
0.9997461438179016,0.09871810674667358
