global_acc,global_loss
0.9860122799873352,0.9930160641670227
0.9970727562904358,0.3477270305156708
0.9982963800430298,0.22343868017196655
0.9991827607154846,0.15966899693012238
