epoch,accuracy,loss,val_accuracy,val_loss
0,0.9672073721885681,0.28828805685043335,0.9986414909362793,0.20669908821582794
1,0.9699405431747437,0.27632054686546326,0.9988873600959778,0.19559216499328613
2,0.97199946641922,0.2656812369823456,0.9990167021751404,0.18502715229988098
3,0.9738720059394836,0.25525373220443726,0.9990684390068054,0.17432115972042084
4,0.9756317138671875,0.24535095691680908,0.999159038066864,0.16403737664222717
