epoch,accuracy,loss,val_accuracy,val_loss
0,0.9179918766021729,0.8841824531555176,0.9852119088172913,0.74505215883255
1,0.9332590103149414,0.7358426451683044,0.9907493591308594,0.6085973381996155
2,0.935509979724884,0.6223558187484741,0.9953035116195679,0.5105612277984619
3,0.9410343766212463,0.5376698970794678,0.9965584874153137,0.43283888697624207
4,0.9464868903160095,0.4735867381095886,0.997153639793396,0.375367134809494
