epoch,accuracy,loss,val_accuracy,val_loss
0,0.9498240947723389,0.3993402421474457,0.9973089098930359,0.3105999231338501
1,0.9539827704429626,0.3705766201019287,0.9974383115768433,0.2849540114402771
2,0.9582018852233887,0.3473006784915924,0.9978911280632019,0.2631354331970215
3,0.9612799882888794,0.32878100872039795,0.9982016086578369,0.24579428136348724
4,0.9644798636436462,0.31263723969459534,0.9984086155891418,0.22884273529052734
