epoch,accuracy,loss,val_accuracy,val_loss
0,0.6880715489387512,3.6482138633728027,0.9784582853317261,3.274466037750244
1,0.8562145829200745,3.1429812908172607,0.9821326732635498,2.8357973098754883
2,0.9100227355957031,2.730867624282837,0.9828442931175232,2.454033374786377
3,0.9332557320594788,2.3676865100860596,0.985522449016571,2.1142899990081787
4,0.9444001913070679,2.0460002422332764,0.9913315773010254,1.812684178352356
