local_acc,local_loss
0.9908117651939392,1.8133424520492554
0.9970079064369202,0.3761477470397949
0.9983180165290833,0.22903557121753693
0.9991827607154846,0.16407115757465363
