global_acc,global_loss
0.7779145836830139,0.8321288824081421
0.9588595032691956,0.10007517039775848
0.960265576839447,0.09670687466859818
0.9618252515792847,0.09349706768989563
0.9624277949333191,0.09222019463777542
