epoch,accuracy,loss,val_accuracy,val_loss
0,0.9370152950286865,0.16721105575561523,0.9522206783294678,0.1181391105055809
1,0.9508720636367798,0.12327589839696884,0.9547514319419861,0.10969710350036621
2,0.9532578587532043,0.1164039596915245,0.955877959728241,0.10652431100606918
3,0.9545400142669678,0.1124948114156723,0.9567843675613403,0.10501330345869064
4,0.9554318785667419,0.11000729352235794,0.9579096436500549,0.1020980030298233
