epoch,accuracy,loss,val_accuracy,val_loss
0,0.9601352214813232,0.09815727174282074,0.9615128040313721,0.09422505646944046
1,0.9602221250534058,0.09789583086967468,0.9618620872497559,0.09375391900539398
2,0.9602954983711243,0.09760382026433945,0.962186872959137,0.09302524477243423
3,0.9604471325874329,0.09732949733734131,0.9616974592208862,0.09323585033416748
4,0.9606586694717407,0.0970834493637085,0.9619539976119995,0.09323322027921677
