global_acc,global_loss
0.9696616530418396,1.0077844858169556
0.9971945285797119,0.3115991950035095
0.9989039301872253,0.1976912021636963
0.999599814414978,0.14103657007217407
