epoch,accuracy,loss,val_accuracy,val_loss
0,0.5457468032836914,3.757364273071289,0.961898148059845,3.346017360687256
1,0.7379250526428223,3.2153236865997314,0.9750465154647827,2.88891863822937
2,0.8132721781730652,2.7964253425598145,0.9880140423774719,2.5113918781280518
3,0.8492371439933777,2.4339773654937744,0.9889827370643616,2.1692352294921875
4,0.8711539506912231,2.111538887023926,0.9940328598022461,1.8626885414123535
