epoch,accuracy,loss,val_accuracy,val_loss
0,0.9494646787643433,0.3763023018836975,0.9973005652427673,0.2875671684741974
1,0.9539528489112854,0.34755921363830566,0.998191773891449,0.26054057478904724
2,0.9582271575927734,0.32445237040519714,0.9985146522521973,0.23886309564113617
3,0.9612821340560913,0.3055565059185028,0.9987342357635498,0.2207762598991394
4,0.9644970297813416,0.2893590033054352,0.9989667534828186,0.2032451331615448
