epoch,accuracy,loss,val_accuracy,val_loss
0,0.9026649594306946,0.8400195240974426,0.9757439494132996,0.6949863433837891
1,0.9233159422874451,0.6987911462783813,0.9847334027290344,0.577348530292511
2,0.9317519664764404,0.5971805453300476,0.9895768761634827,0.48396724462509155
3,0.9389090538024902,0.5173358917236328,0.995363175868988,0.4106079339981079
4,0.9448385834693909,0.4559088945388794,0.9968097805976868,0.357188880443573
