epoch,accuracy,loss,val_accuracy,val_loss
0,0.9664844274520874,0.2665312588214874,0.9990700483322144,0.18561550974845886
1,0.9687003493309021,0.2553665041923523,0.9991734027862549,0.17468330264091492
2,0.9708101749420166,0.2452663630247116,0.9993025660514832,0.16480350494384766
3,0.9727469682693481,0.23567083477973938,0.9994187951087952,0.15397778153419495
4,0.9745230078697205,0.22679145634174347,0.9995220899581909,0.14492295682430267
