local_acc,local_loss
0.9941062927246094,1.8622900247573853
0.997016191482544,0.3573133647441864
0.9988560676574707,0.20315490663051605
0.9995824694633484,0.14478163421154022
