global_acc,global_loss
0.5750109553337097,1.1513081789016724
0.9576129913330078,0.10314074158668518
0.9606503248214722,0.09661392867565155
0.9615491628646851,0.09405262023210526
0.962129533290863,0.09329518675804138
