epoch,accuracy,loss,val_accuracy,val_loss
0,0.9596320986747742,0.09988704323768616,0.9609491229057312,0.09548436850309372
1,0.9596892595291138,0.09974983334541321,0.9606635570526123,0.09555497765541077
2,0.9599348902702332,0.09927897900342941,0.9609336256980896,0.09507641941308975
3,0.9599224925041199,0.09903775900602341,0.9609768986701965,0.09480956196784973
4,0.9600365161895752,0.09887822717428207,0.9611958265304565,0.09550127387046814
