epoch,accuracy,loss,val_accuracy,val_loss
0,0.9569376111030579,0.10623352974653244,0.957853376865387,0.10238239169120789
1,0.9574504494667053,0.105324886739254,0.9583680033683777,0.10189088433980942
2,0.957676887512207,0.10439540445804596,0.959273099899292,0.09937750548124313
3,0.9580883383750916,0.1036684438586235,0.9599272608757019,0.09859529882669449
4,0.95840984582901,0.10291682928800583,0.9595878720283508,0.09881451725959778
