epoch,accuracy,loss,val_accuracy,val_loss
0,0.9303635954856873,0.18643108010292053,0.9455094933509827,0.13306266069412231
1,0.9491074085235596,0.12866422533988953,0.9524329304695129,0.11623261123895645
2,0.951643705368042,0.12106586992740631,0.9544624090194702,0.1118277758359909
3,0.9530673027038574,0.1167309507727623,0.955898642539978,0.10808207094669342
4,0.9540412425994873,0.11392625421285629,0.9545972347259521,0.11026665568351746
