epoch,accuracy,loss,val_accuracy,val_loss
0,0.9461273550987244,0.13612017035484314,0.9531056880950928,0.11304624378681183
1,0.9531153440475464,0.1162630096077919,0.9547890424728394,0.11045925319194794
2,0.9547650814056396,0.11190543323755264,0.9571649432182312,0.1046978309750557
3,0.9555866718292236,0.10955949872732162,0.957801103591919,0.1036636158823967
4,0.9564160108566284,0.1077723577618599,0.9580656886100769,0.10224425792694092
