global_acc,global_loss
0.745661735534668,0.8665159940719604
0.9590662121772766,0.09985456615686417
0.9605704545974731,0.09702356159687042
0.9629884958267212,0.09147675335407257
0.9625310301780701,0.09199707210063934
