epoch,accuracy,loss,val_accuracy,val_loss
0,0.9362837672233582,0.17087756097316742,0.9512700438499451,0.12050184607505798
1,0.950215220451355,0.12556836009025574,0.9530017971992493,0.1138470470905304
2,0.9523619413375854,0.11889133602380753,0.95445317029953,0.10953643918037415
3,0.9537966251373291,0.1145910769701004,0.95566725730896,0.10684666782617569
4,0.9548372626304626,0.1118825152516365,0.9558843374252319,0.10567927360534668
