epoch,accuracy,loss,val_accuracy,val_loss
0,0.95941162109375,0.10030346363782883,0.960307776927948,0.0967564806342125
1,0.9596906304359436,0.09978166967630386,0.9614647626876831,0.0946669951081276
2,0.9598420262336731,0.09939233958721161,0.9612485766410828,0.0941535010933876
3,0.9599917531013489,0.09898906946182251,0.9604189991950989,0.09534453600645065
4,0.9600862264633179,0.09855180978775024,0.9615514874458313,0.0934121161699295
