epoch,accuracy,loss,val_accuracy,val_loss
0,0.9577057361602783,0.10451381653547287,0.958406388759613,0.10029146075248718
1,0.9582309722900391,0.10311105847358704,0.959210216999054,0.09895206242799759
2,0.9584190249443054,0.10245189070701599,0.95989990234375,0.09657621383666992
3,0.9588462114334106,0.10170722007751465,0.9603008031845093,0.09657707810401917
4,0.959166407585144,0.10103004425764084,0.9599106311798096,0.09684322774410248
