global_acc,global_loss
0.9944259524345398,1.029846429824829
0.9971283674240112,0.3011455237865448
0.9989849328994751,0.16878332197666168
0.9995488524436951,0.11556325107812881
