epoch,accuracy,loss,val_accuracy,val_loss
0,0.9725642800331116,0.7913311123847961,0.9855550527572632,0.6819760799407959
1,0.984395444393158,0.641882598400116,0.9919308423995972,0.5547122955322266
2,0.9897666573524475,0.5292195677757263,0.9966645836830139,0.4548494517803192
3,0.991706907749176,0.4413285553455353,0.9968826770782471,0.3740018904209137
4,0.9932467341423035,0.37127867341041565,0.9971264004707336,0.31327518820762634
