epoch,accuracy,loss,val_accuracy,val_loss
0,0.9977941513061523,0.1914156675338745,0.998986542224884,0.152711883187294
1,0.9980106949806213,0.17830751836299896,0.9991918206214905,0.14208364486694336
2,0.9980818033218384,0.16718299686908722,0.999358594417572,0.13197331130504608
3,0.9981406331062317,0.15710435807704926,0.9994227290153503,0.12271550297737122
4,0.9981357455253601,0.14787590503692627,0.9994868636131287,0.11532162874937057
