epoch,accuracy,loss,val_accuracy,val_loss
0,0.995710015296936,0.3069973587989807,0.9976908564567566,0.25734251737594604
1,0.9959282279014587,0.2719225585460663,0.9980500340461731,0.22343741357326508
2,0.9966736435890198,0.24577642977237701,0.9982553124427795,0.2021513432264328
3,0.9971149563789368,0.22584138810634613,0.9984990358352661,0.1848246306180954
4,0.9974688291549683,0.2090051770210266,0.9986914992332458,0.16969645023345947
