local_acc,local_loss
0.9957793354988098,1.819178819656372
0.9970806837081909,0.31355804204940796
0.998846173286438,0.16989867389202118
0.9994838237762451,0.11546394973993301
