epoch,accuracy,loss,val_accuracy,val_loss
0,0.6721684336662292,3.7016186714172363,0.958307147026062,3.268432855606079
1,0.8510999083518982,3.1388356685638428,0.9788200259208679,2.8531644344329834
2,0.9283406138420105,2.715766429901123,0.9900963306427002,2.467160940170288
3,0.9605501294136047,2.3435075283050537,0.9905838370323181,2.1289010047912598
