global_acc,global_loss
0.6573776602745056,1.2176328897476196
0.9593231678009033,0.0992320328950882
0.9618952870368958,0.09382344037294388
0.9611384272575378,0.0971536710858345
0.9626622796058655,0.09209918230772018
0.962624728679657,0.09161221235990524
0.9629563689231873,0.09187868237495422
