epoch,accuracy,loss,val_accuracy,val_loss
0,0.9601930379867554,0.09813877940177917,0.9625487327575684,0.09183769673109055
1,0.9602664709091187,0.09780505299568176,0.9620943069458008,0.09240353852510452
2,0.9604501724243164,0.09752281755208969,0.9615604281425476,0.09440743923187256
3,0.9604654312133789,0.09741557389497757,0.9625236392021179,0.09173077344894409
4,0.9605247378349304,0.09703991562128067,0.9618818759918213,0.09233029186725616
5,0.9607367515563965,0.09664277732372284,0.9619150757789612,0.09272979199886322
6,0.9607551097869873,0.09670355916023254,0.9620080590248108,0.0924418494105339
7,0.9609259963035583,0.09634088724851608,0.9629793167114258,0.09067672491073608
