epoch,accuracy,loss,val_accuracy,val_loss
0,0.961677074432373,0.09439022094011307,0.9635238647460938,0.08912467956542969
1,0.9616525173187256,0.0943756178021431,0.962917685508728,0.090532585978508
2,0.9617989659309387,0.09413187205791473,0.9637038707733154,0.08882252871990204
3,0.961793839931488,0.09420807659626007,0.9632333517074585,0.0894753634929657
4,0.9617600440979004,0.09412994235754013,0.9640660881996155,0.08841097354888916
5,0.9617795348167419,0.09395267069339752,0.9642133712768555,0.08847862482070923
6,0.9618812203407288,0.09387945383787155,0.9630365371704102,0.08983935415744781
7,0.9619163870811462,0.09378096461296082,0.963829517364502,0.08864030987024307
