epoch,accuracy,loss,val_accuracy,val_loss
0,0.9613341689109802,0.09527450799942017,0.9628954529762268,0.09039976447820663
1,0.9614167213439941,0.0952099859714508,0.9616376757621765,0.09260518103837967
2,0.9613775610923767,0.09504608064889908,0.9629369974136353,0.0902530699968338
3,0.9615240693092346,0.09489097446203232,0.9635728001594543,0.08902318775653839
4,0.9614572525024414,0.09479410201311111,0.9629248380661011,0.09018637984991074
5,0.9616211652755737,0.09464795887470245,0.9628480672836304,0.09039372205734253
6,0.9616526961326599,0.09452895075082779,0.9635555148124695,0.08883656561374664
7,0.9617540240287781,0.09442143887281418,0.9627374410629272,0.09062866866588593
