epoch,accuracy,loss,val_accuracy,val_loss
0,0.9609653353691101,0.09632271528244019,0.9627618193626404,0.09117186814546585
1,0.9609540700912476,0.09621864557266235,0.9629837274551392,0.09052436053752899
2,0.9610639810562134,0.09604384750127792,0.9633495807647705,0.09032952785491943
3,0.9611421227455139,0.0957781970500946,0.9633628129959106,0.09008203446865082
4,0.9610680937767029,0.09575755894184113,0.9629262685775757,0.09062785655260086
5,0.9612325429916382,0.09563696384429932,0.9631379842758179,0.0901779979467392
6,0.961261510848999,0.09538006782531738,0.9634480476379395,0.08973850309848785
7,0.961337149143219,0.09524063020944595,0.9634029269218445,0.09002744406461716
