local_acc,local_loss
0.9590122103691101,0.10002004355192184
0.9607123732566833,0.09602613747119904
0.9619773626327515,0.09359785914421082
0.9627336263656616,0.09174607694149017
0.963100016117096,0.09092411398887634
0.9624588489532471,0.09170228242874146
0.9632887244224548,0.0901675894856453
