epoch,accuracy,loss,val_accuracy,val_loss
0,0.9592179656028748,0.10063786804676056,0.9613473415374756,0.09556184709072113
1,0.9594593048095703,0.1000080332159996,0.9617724418640137,0.09438017010688782
2,0.9597091674804688,0.09946071356534958,0.9614644646644592,0.09490840137004852
3,0.9599085450172424,0.09894489496946335,0.9617401957511902,0.0943717509508133
4,0.960027277469635,0.09848341345787048,0.9624531269073486,0.09350291639566422
5,0.9601691365242004,0.0982784703373909,0.9615179896354675,0.09396251291036606
6,0.9604924321174622,0.09769483655691147,0.962446391582489,0.09294051676988602
7,0.960419774055481,0.09746979922056198,0.9624944925308228,0.09272153675556183
