epoch,accuracy,loss,val_accuracy,val_loss
0,0.9612413644790649,0.09555015712976456,0.9633064866065979,0.09102866053581238
1,0.9614475965499878,0.09533784538507462,0.9629598259925842,0.09182053059339523
2,0.9614297747612,0.09512351453304291,0.9611150026321411,0.09511718153953552
3,0.9615194201469421,0.09487686306238174,0.9613009691238403,0.09479803591966629
4,0.961739718914032,0.0947752520442009,0.9631653428077698,0.0905941054224968
5,0.9617337584495544,0.09477497637271881,0.963341474533081,0.08982845395803452
6,0.9618158936500549,0.09458352625370026,0.9636654257774353,0.0903298407793045
7,0.9617637991905212,0.09460582584142685,0.9633201956748962,0.09007604420185089
