epoch,accuracy,loss,val_accuracy,val_loss
0,0.961781919002533,0.09446509927511215,0.9628152251243591,0.09138696640729904
1,0.9618285298347473,0.09426567703485489,0.9633595943450928,0.09008961915969849
2,0.9620314240455627,0.09407348185777664,0.9638371467590332,0.08922424912452698
3,0.9618751406669617,0.0941215306520462,0.9637538194656372,0.0897427424788475
4,0.9620685577392578,0.09382064640522003,0.9635758399963379,0.08931125700473785
5,0.962052583694458,0.09381166100502014,0.9628491401672363,0.09056302160024643
6,0.9621714949607849,0.09369004517793655,0.9629456400871277,0.09119930863380432
7,0.962120532989502,0.09364921599626541,0.9636847376823425,0.0895494744181633
