epoch,accuracy,loss,val_accuracy,val_loss
0,0.9621622562408447,0.09364592283964157,0.9637259244918823,0.08907483518123627
1,0.9620836973190308,0.09350244700908661,0.964207112789154,0.08888544887304306
2,0.9622751474380493,0.09344495087862015,0.9637407660484314,0.08899527043104172
3,0.9621879458427429,0.09329782426357269,0.9641184210777283,0.08842303603887558
4,0.9622565507888794,0.09324271231889725,0.9622384309768677,0.09346216917037964
5,0.9623292088508606,0.09321565926074982,0.9640152454376221,0.08833950757980347
6,0.9623109102249146,0.09293858706951141,0.9639280438423157,0.08857222646474838
7,0.9624601602554321,0.09284482896327972,0.9629479646682739,0.09096182882785797
