epoch,accuracy,loss,val_accuracy,val_loss
0,0.9603704214096069,0.09811651706695557,0.9619260430335999,0.092865489423275
1,0.9604646563529968,0.09786549210548401,0.9616947770118713,0.09266828745603561
2,0.9606412649154663,0.09750554710626602,0.9624150991439819,0.09214629977941513
3,0.9607684016227722,0.09725498408079147,0.9624550938606262,0.09224310517311096
4,0.9608612060546875,0.09689103066921234,0.9608790278434753,0.09371405094861984
