epoch,accuracy,loss,val_accuracy,val_loss
0,0.9475021362304688,0.13225588202476501,0.9544349312782288,0.10947702825069427
1,0.9541410207748413,0.11329099535942078,0.9562528133392334,0.10537955909967422
2,0.9557178020477295,0.10930855572223663,0.9573660492897034,0.10272859036922455
3,0.9566961526870728,0.10696668177843094,0.9585259556770325,0.10028138756752014
4,0.9573123455047607,0.10542062669992447,0.9593634009361267,0.0986117348074913
