local_acc,local_loss
0.95704185962677,0.10388857126235962
0.9606028199195862,0.09721452742815018
0.9611608386039734,0.09545531123876572
0.962866485118866,0.09190681576728821
0.961986780166626,0.0930023267865181
