global_acc,global_loss
0.9993817806243896,0.02423461340367794
0.9999477863311768,0.0004840170731768012
0.9999825954437256,0.00024638863396830857
0.9999825954437256,0.00023799309565220028
