epoch,accuracy,loss,val_accuracy,val_loss
0,0.9999436736106873,0.00032382793142460287,0.9999479055404663,0.0007036010501906276
1,0.9999632835388184,0.0002811847080010921,0.9999479055404663,0.0006924800691194832
2,0.9999526143074036,0.0003235073236282915,0.9999479055404663,0.0006510596722364426
