epoch,accuracy,loss,val_accuracy,val_loss
0,0.9998889565467834,0.0006650135037489235,0.9999349117279053,0.000697397394105792
1,0.9999232292175293,0.0005422381218522787,0.9999479055404663,0.0006590934935957193
2,0.9999306201934814,0.0004670730559155345,0.9999479055404663,0.000671951740514487
