epoch,accuracy,loss,val_accuracy,val_loss
0,0.999404788017273,0.0038984091952443123,0.9999088644981384,0.0008744456572458148
1,0.9999158978462219,0.0006003400776535273,0.9999349117279053,0.0007789318915456533
2,0.9999313950538635,0.0005101204151287675,0.9999349117279053,0.0006931438110768795
