epoch,accuracy,loss,val_accuracy,val_loss
0,0.9999445080757141,0.00033156329300254583,0.9999479055404663,0.0006669979775324464
1,0.9999403953552246,0.0003715841448865831,0.9999479055404663,0.0006666028639301658
2,0.9999534487724304,0.0003303554840385914,0.9999479055404663,0.0006606866954825819
