epoch,accuracy,loss,val_accuracy,val_loss
0,0.9382113814353943,0.16283941268920898,0.9506129026412964,0.12181682139635086
1,0.9511456489562988,0.12188881635665894,0.952427089214325,0.11453147232532501
2,0.9533519148826599,0.11555793881416321,0.9561534523963928,0.10665946453809738
3,0.9546964764595032,0.111893430352211,0.9552356600761414,0.10737014561891556
4,0.9555109739303589,0.10944964736700058,0.9574211239814758,0.10313104093074799
