epoch,accuracy,loss,val_accuracy,val_loss
0,0.9590621590614319,0.10078943520784378,0.960402250289917,0.0958150252699852
1,0.9593299627304077,0.10027524083852768,0.9602265954017639,0.0962691381573677
2,0.9595293402671814,0.09984953701496124,0.960558295249939,0.09560376405715942
3,0.9597634673118591,0.09921184182167053,0.9609373807907104,0.09526005387306213
4,0.9599636793136597,0.09893465042114258,0.9609407782554626,0.09479959309101105
