global_acc,global_loss
0.48743000626564026,1.1505920886993408
0.9585413932800293,0.10157020390033722
0.9600330591201782,0.09758356213569641
0.9614190459251404,0.09441063553094864
0.9618580937385559,0.09352956712245941
