epoch,accuracy,loss,val_accuracy,val_loss
0,0.9486095905303955,0.12884338200092316,0.9533354640007019,0.11126958578824997
1,0.9546145796775818,0.1118466705083847,0.9568862915039062,0.1044452115893364
2,0.9559623003005981,0.10829354077577591,0.9569950699806213,0.10382025688886642
3,0.9568642377853394,0.1062951609492302,0.9581285715103149,0.10197719186544418
4,0.9574856758117676,0.10475452244281769,0.9582818746566772,0.10082067549228668
