epoch,accuracy,loss,val_accuracy,val_loss
0,0.959997296333313,0.09865204244852066,0.9610481858253479,0.09445515275001526
1,0.9601141214370728,0.09830218553543091,0.961659848690033,0.09355658292770386
2,0.9602657556533813,0.09798211604356766,0.9605332016944885,0.09558809548616409
3,0.9604633450508118,0.09772732108831406,0.9605839848518372,0.09519802033901215
4,0.9605689644813538,0.09732387214899063,0.9615584015846252,0.09395340830087662
