epoch,accuracy,loss,val_accuracy,val_loss
0,0.957470715045929,0.104928158223629,0.9588828682899475,0.09940323978662491
1,0.9579798579216003,0.10366643965244293,0.9590358734130859,0.09897850453853607
2,0.9583652019500732,0.10270790755748749,0.9597191214561462,0.09793652594089508
3,0.958765983581543,0.10175659507513046,0.9595485329627991,0.09776609390974045
4,0.9589788913726807,0.10119305551052094,0.9594334959983826,0.09812407940626144
