local_acc,local_loss
0.958121120929718,0.10215899348258972
0.959377646446228,0.09933114051818848
0.9604076743125916,0.09691855311393738
0.9617761373519897,0.09392112493515015
0.9621699452400208,0.09300732612609863
