global_acc,global_loss
0.9753379821777344,1.0403364896774292
0.9974559545516968,0.27750810980796814
0.9991791248321533,0.14613781869411469
0.9996416568756104,0.09613535553216934
