epoch,accuracy,loss,val_accuracy,val_loss
0,0.9977869987487793,0.16937997937202454,0.9993672966957092,0.12882043421268463
1,0.9979071021080017,0.15418148040771484,0.9994938373565674,0.1153877004981041
2,0.9979413747787476,0.14153850078582764,0.999571681022644,0.10491114109754562
3,0.9978850483894348,0.1301783323287964,0.9996203780174255,0.09494486451148987
4,0.9978305101394653,0.12000246345996857,0.9996787905693054,0.08630549907684326
