epoch,accuracy,loss,val_accuracy,val_loss
0,0.6501970291137695,3.6463358402252197,0.9641205668449402,3.189005136489868
1,0.8539918661117554,2.9607837200164795,0.9779720306396484,2.6381797790527344
2,0.9391520023345947,2.4417808055877686,0.9895359873771667,2.1668529510498047
3,0.9754673838615417,1.99436616897583,0.9958240985870361,1.753918170928955
4,0.9839480519294739,1.6130976676940918,0.9965541958808899,1.4073007106781006
