epoch,accuracy,loss,val_accuracy,val_loss
0,0.9963794946670532,0.2831655442714691,0.9982576370239258,0.22715969383716583
1,0.9969050288200378,0.24103860557079315,0.9986372590065002,0.1897924691438675
2,0.9973533749580383,0.21291273832321167,0.9989681839942932,0.16650913655757904
3,0.9976480007171631,0.1916694939136505,0.9992018342018127,0.1480267494916916
4,0.9977858066558838,0.1744915246963501,0.9993380904197693,0.1337081342935562
