epoch,accuracy,loss,val_accuracy,val_loss
0,0.9763438701629639,0.7497785687446594,0.9901297688484192,0.620724081993103
1,0.9892793297767639,0.5681647658348083,0.9970311522483826,0.46733948588371277
2,0.9928747415542603,0.44275516271591187,0.997196614742279,0.36271145939826965
3,0.9945089221000671,0.3525201380252838,0.9973620772361755,0.28197842836380005
4,0.9961007833480835,0.29043737053871155,0.9982089400291443,0.2345266491174698
