local_acc,local_loss
0.9967132210731506,1.4074503183364868
0.9981497526168823,0.23476390540599823
0.999384343624115,0.1339014768600464
0.9997133612632751,0.08645807206630707
