global_acc,global_loss
0.9885618090629578,0.9796607494354248
0.9973647594451904,0.2936573624610901
0.9989120960235596,0.1772477924823761
0.9996142387390137,0.12043888866901398
