epoch,accuracy,loss,val_accuracy,val_loss
0,0.618885338306427,3.673344373703003,0.9543473720550537,3.2872936725616455
1,0.7829267382621765,3.171314239501953,0.9747034907341003,2.8556017875671387
2,0.856004536151886,2.7592098712921143,0.9808983206748962,2.4749624729156494
3,0.8910837173461914,2.3949172496795654,0.984739363193512,2.136528730392456
4,0.9135530591011047,2.0727970600128174,0.9850885272026062,1.8376929759979248
