epoch,accuracy,loss,val_accuracy,val_loss
0,0.9700406193733215,0.25185415148735046,0.9988619089126587,0.17027999460697174
1,0.9731088876724243,0.24035410583019257,0.9990817904472351,0.15984149277210236
2,0.9753663539886475,0.23021464049816132,0.9992110729217529,0.15057392418384552
3,0.9773148894309998,0.22096732258796692,0.9993404150009155,0.1418919861316681
4,0.9788326621055603,0.2120911031961441,0.9994697570800781,0.13429111242294312
