epoch,accuracy,loss,val_accuracy,val_loss
0,0.9537495374679565,0.3653154969215393,0.9974781274795532,0.27392488718032837
1,0.9580740332603455,0.3350258469581604,0.9979178309440613,0.24247944355010986
2,0.9599032402038574,0.3097614347934723,0.9982540607452393,0.22169050574302673
3,0.9638640284538269,0.2907695174217224,0.9984092712402344,0.20438216626644135
4,0.9667966365814209,0.27553263306617737,0.9985644817352295,0.1910759061574936
