epoch,accuracy,loss,val_accuracy,val_loss
0,0.9237484335899353,0.8435132503509521,0.9847005605697632,0.7002812623977661
1,0.9323386549949646,0.7010670900344849,0.9938827753067017,0.5714272856712341
2,0.938334584236145,0.5938209295272827,0.9969349503517151,0.47716024518013
3,0.943843424320221,0.5108504295349121,0.9970513582229614,0.40176934003829956
4,0.9504368901252747,0.4455175995826721,0.9971030354499817,0.3417844772338867
