local_acc,local_loss
0.9854974746704102,1.8375306129455566
0.9972737431526184,0.34202224016189575
0.99882972240448,0.19058991968631744
0.9994972348213196,0.13388173282146454
