epoch,accuracy,loss,val_accuracy,val_loss
0,0.9493104815483093,0.1265493482351303,0.9558973908424377,0.10713296383619308
1,0.9546298384666443,0.11170081049203873,0.9575892090797424,0.10344825685024261
2,0.9560705423355103,0.10797283798456192,0.9584344625473022,0.10105929523706436
3,0.9569764137268066,0.10598147660493851,0.9591624140739441,0.09925631433725357
4,0.9577137231826782,0.10434947162866592,0.9598113298416138,0.09827028214931488
