epoch,accuracy,loss,val_accuracy,val_loss
0,0.9592691659927368,0.10017795860767365,0.9607006907463074,0.09569714963436127
1,0.9594191908836365,0.09975865483283997,0.9607948660850525,0.09558431804180145
2,0.9596666693687439,0.09925928711891174,0.9611663818359375,0.0947752594947815
3,0.9598733186721802,0.0987389087677002,0.9616146087646484,0.0939091295003891
4,0.9600715637207031,0.09820849448442459,0.9615219235420227,0.09400077164173126
