epoch,accuracy,loss,val_accuracy,val_loss
0,0.9574106335639954,0.1045324057340622,0.959452748298645,0.0983051136136055
1,0.9580981135368347,0.10316244512796402,0.9599887132644653,0.09718511253595352
2,0.9585174918174744,0.10215333104133606,0.9602673649787903,0.09677787870168686
3,0.9588450789451599,0.10121766477823257,0.9607405066490173,0.09575087577104568
4,0.9591718912124634,0.1004897877573967,0.9602298140525818,0.09687377512454987
