local_acc,local_loss
0.9579024314880371,0.1019703596830368
0.9599311351776123,0.09792118519544601
0.9603098630905151,0.09642090648412704
0.9615507125854492,0.09355641901493073
0.9620593786239624,0.0926504135131836
