epoch,accuracy,loss,val_accuracy,val_loss
0,0.9586401581764221,0.10173573344945908,0.9612226486206055,0.09432942420244217
1,0.9589782357215881,0.1009136512875557,0.9616222977638245,0.09388255327939987
2,0.959308385848999,0.10024924576282501,0.9616161584854126,0.09320231527090073
3,0.9594415426254272,0.09978608042001724,0.9617045521736145,0.09307553619146347
4,0.9596869349479675,0.09917886555194855,0.9617717862129211,0.09320832788944244
5,0.9599270820617676,0.09862786531448364,0.9620649218559265,0.09258238971233368
6,0.9600154757499695,0.09838248044252396,0.9617663621902466,0.09326190501451492
7,0.9602034687995911,0.09804794192314148,0.961918294429779,0.09279317408800125
