epoch,accuracy,loss,val_accuracy,val_loss
0,0.936204731464386,0.16998229920864105,0.9510688781738281,0.1209784522652626
1,0.9507696032524109,0.12350976467132568,0.9555402398109436,0.10945156961679459
2,0.9530724287033081,0.11646372824907303,0.9569115042686462,0.10537553578615189
3,0.9545192718505859,0.11240697652101517,0.9578722715377808,0.10392560064792633
4,0.9555561542510986,0.1097901463508606,0.9589163661003113,0.10049289464950562
5,0.9561859369277954,0.10794184356927872,0.9588936567306519,0.09964768588542938
6,0.956771731376648,0.10669446736574173,0.9592196941375732,0.09899263828992844
7,0.9571664929389954,0.10561149567365646,0.9592670798301697,0.09878259152173996
