epoch,accuracy,loss,val_accuracy,val_loss
0,0.9492258429527283,0.1269630491733551,0.9575437307357788,0.1041932925581932
1,0.9551920890808105,0.11054176092147827,0.9590889811515808,0.10001468658447266
2,0.9565623998641968,0.10709905624389648,0.9593089818954468,0.09973228722810745
3,0.9573197364807129,0.10510536283254623,0.9597799777984619,0.09742870926856995
4,0.9577563405036926,0.10379309207201004,0.9602553844451904,0.09673982858657837
5,0.9582531452178955,0.1027786061167717,0.9602428674697876,0.09585775434970856
6,0.9586189985275269,0.10185663402080536,0.9608797430992126,0.09509804844856262
7,0.9589033126831055,0.10115858912467957,0.9607669115066528,0.09522055834531784
