global_acc,global_loss
0.9994992017745972,0.052296143025159836
0.9999303221702576,0.0009692830499261618
0.9999085664749146,0.0012426624307408929
0.9999346733093262,0.0008535246015526354
