epoch,accuracy,loss,val_accuracy,val_loss
0,0.9995836615562439,0.002223350340500474,0.9999613761901855,0.000620291568338871
1,0.9995983839035034,0.0019092377042397857,0.9999613761901855,0.0006202881340868771
2,0.9995714426040649,0.0021188496612012386,0.9999485015869141,0.00064837810350582
