epoch,accuracy,loss,val_accuracy,val_loss
0,0.9994563460350037,0.003116296837106347,0.9999613761901855,0.0006205103127285838
1,0.9995551109313965,0.0023414294701069593,0.9999613761901855,0.0006203764933161438
2,0.9995844960212708,0.0021874625235795975,0.9999613761901855,0.0006202886579558253
