epoch,accuracy,loss,val_accuracy,val_loss
0,0.9993600249290466,0.003982133697718382,0.9999356269836426,0.0010376693680882454
1,0.9995224475860596,0.0031235888600349426,0.9999356269836426,0.001037541776895523
2,0.9995689988136292,0.0027829380705952644,0.9999356269836426,0.001037525711581111
