epoch,accuracy,loss,val_accuracy,val_loss
0,0.9986775517463684,0.008598187007009983,0.9999098777770996,0.0011495042126625776
1,0.999453067779541,0.003640691051259637,0.9999356269836426,0.0010431119007989764
2,0.9995330572128296,0.002986168023198843,0.9999356269836426,0.0008524396107532084
