epoch,accuracy,loss,val_accuracy,val_loss
0,0.8978050351142883,1.3077467679977417,0.21505975723266602,35919.5234375
1,0.7609719038009644,7.303716659545898,0.784940242767334,0.5263200998306274
