epoch,accuracy,loss,val_accuracy,val_loss
0,0.9888989925384521,0.04663163051009178,NA,NA
1,0.9898965358734131,0.03892211988568306,NA,NA
2,0.9904488325119019,0.03617663308978081,NA,NA
3,0.9904388189315796,0.03654997795820236,NA,NA
4,0.9906012415885925,0.03697608783841133,NA,NA
5,0.9907097220420837,0.03521657735109329,NA,NA
6,0.9907647967338562,0.03483359143137932,NA,NA
7,0.9906981587409973,0.03562644124031067,NA,NA
8,0.9907851219177246,0.03657107055187225,NA,NA
